id,name,model_id:id,group_id:id,perm_read,perm_write,perm_create,perm_unlink
access_staff_loan_readonly,staff.loan.readonly,model_staff_loan,group_staff_loan_readonly,1,0,0,0
access_staff_loan_manager,staff.loan.user,model_staff_loan,group_staff_loan_user,1,1,1,0
access_staff_loan_administrator,staff.loan.administrator,model_staff_loan,group_staff_loan_administrator,1,1,1,1
access_staff_loan_line_readonly,staff.loan.line.readonly,model_staff_loan_line,group_staff_loan_readonly,1,0,0,0
access_staff_loan_line_manager,staff.loan.line.user,model_staff_loan_line,group_staff_loan_user,1,1,1,0
access_staff_loan_line_administrator,staff.loan.line.administrator,model_staff_loan_line,group_staff_loan_administrator,1,1,1,1
access_staff_loan_compute_wizard,staff.loan.compute.wizard,model_staff_loan_compute_wizard,group_staff_loan_user,1,1,1,0
access_staff_loan_approve_wizard,staff.loan.approve.wizard,model_staff_loan_approve_wizard,group_staff_loan_user,1,1,1,0
access_staff_loan_disburse_wizard,staff.loan.disburse.wizard,model_staff_loan_disburse_wizard,group_staff_loan_user,1,1,1,0
access_staff_loan_collection_wizard,staff.loan.collection.wizard,model_staff_loan_collection_wizard,group_staff_loan_user,1,1,1,0
access_staff_loan_full_settlement_wizard,staff.loan.full.settlement.wizard,model_staff_loan_full_settlement_wizard,group_staff_loan_user,1,1,1,0
access_staff_loan_exception_wizard,staff.loan.exception.wizard,model_staff_loan_exception_wizard,group_staff_loan_user,1,1,1,0
access_staff_loan_close_wizard,staff.loan.close.wizard,model_staff_loan_close_wizard,group_staff_loan_user,1,1,1,0
access_staff_loan_cancel_wizard,staff.loan.cancel.wizard,model_staff_loan_cancel_wizard,group_staff_loan_user,1,1,1,0
access_staff_loan_document_wizard,staff.loan.document.wizard,model_staff_loan_document_wizard,group_staff_loan_user,1,1,1,0
